{"music":"teamD_junyeonglee_1.wav","visualization":["sphere-particles","sphere-horizontal"],"backgroundColorList":["#e1ff00","#bbff00"],"objectColor":["#ffffff","#ffffff"],"objectPositionX":[6.916667275691104,2.5842480908998082],"objectPositionY":[1.1821244584851223,2.3619447791641766],"objectPositionZ":[16.56187913661186,55.485245629454575],"timeTable":[0,17.83,40.977982],"volume":[50,50]}