{"music":"teamD_junyeonglee_2.wav","visualization":["triangle-scale","sphere-line","box-horizontal"],"backgroundColorList":["#750e0e","#ff0000","#280a94"],"objectColor":["#050000","#050000","#050000"],"objectPositionX":[0,6.918478195373351,6.918478195373351],"objectPositionY":[10,9.999999999999945,9.999999999999945],"objectPositionZ":[30,29.191345626060752,29.191345626060752],"timeTable":[0,7.21,17.09,33.75],"volume":[50,50,50]}