{"music":"teamC_songminchung_1.wav","visualization":["dode-particles","dode-particles","dode-particles","dode-particles","box-horizontal","dode-horizontal","dode-scale","dode-line","dode-line"],"backgroundColorList":["#170000","#170000","#170000","#170000","#170000","#170000","#000000","#000000","#000000"],"objectColor":["#f20808","#07f2a0","#07f2a0","#2b07f2","#2b07f2","#f207bf","#07f2a8","#a7de55","#a7de55"],"objectPositionX":[-4.7677094774899915,8.612345260405554,9.58747108545932,8.612345260405554,8.612345260405554,-4.2489387444875835,-4.26148048091629,-6.398306183208449,-6.398306183208449],"objectPositionY":[0.3790274114343416,3.3616756034594304,1.5932856029173506,3.3616756034594304,3.3616756034594304,2.5274351539864512,6.683548184194529,1.4806359381986598,1.4806359381986598],"objectPositionZ":[8.461295923046949,2.9991482774969755,0.10041568978623856,2.9991482774969755,2.9991482774969755,0.6729574334048292,3.756985900563302,1.714407825280326,1.714407825280326],"timeTable":[0,5.65,11.9,11.9,15.63,23.84,27.87,33.27,40.67,41.595646],"volume":[50,50,50,50,50,50,50,50,50]}