{"music":"teamD_hoyoungkim_1.wav","visualization":["sphere-scale","sphere-particles","sphere-scale","sphere-particles","sphere-scale","sphere-particles","sphere-particles"],"backgroundColorList":["#83ffd0","#ffaa82","#82ffc5","#ff8282","#82ffba","#ff8282","#ff8282"],"objectColor":["#00ffff","#d60f0f","#c4bcbc","#c4bcbc","#c4bcbc","#c4bcbc","#c4bcbc"],"objectPositionX":[0.5386989044294747,0.5386989044294747,0.5386989044294747,0.5386989044294747,0.5386989044294747,0.5386989044294747,0.5386989044294747],"objectPositionY":[5.418987659705215,5.418987659705215,5.418987659705215,5.418987659705215,5.418987659705215,5.418987659705215,5.418987659705215],"objectPositionZ":[12.048609503097161,12.048609503097161,12.048609503097161,12.048609503097161,12.048609503097161,12.048609503097161,12.048609503097161],"timeTable":[0,20.48,23.06,26.44,30.44,32.48,36.58,39.94],"volume":[50,50,50,50,50,50,50]}