{"music":"teamA_seojeonpark_2.wav","visualization":["sphere-line","sphere-gradient","dode-gradient","sphere-gradient","dode-gradient","dode-horizontal","dode-line","dode-line","dode-line","sphere-line","sphere-line","sphere-line","sphere-line","box-horizontal","box-horizontal","box-horizontal","box-horizontal","sphere-blink","circle-bloom","circle-bloom","sphere-scale","sphere-line","sphere-line","sphere-line","sphere-line","sphere-line","sphere-line"],"backgroundColorList":["#4baad6","#0a2f38","#507d87","#092e3b","#000c0f","#d9d2b5","#d9d2b5","#d9d2b5","#d9d2b5","#d9d2b5","#d9d2b5","#d1a752","#825f19","#825f19","#825f19","#e0bc72","#e0bc72","#e0bc72","#e0bc72","#e0bc72","#dac9eb","#dac9eb","#dac9eb","#dac9eb","#4baad6","#4baad6","#4baad6"],"objectColor":["#0c225c","#b5d3f5","#406c9c","#406c9c","#406c9c","#02182e","#02182e","#382706","#382706","#382706","#e6c58a","#e6c58a","#e6c58a","#e6c58a","#e6c58a","#e6c58a","#805918","#805918","#f2dfc1","#f2dfc1","#662285","#662285","#0e0114","#0e0114","#0e0114","#0c225c","#0c225c"],"objectPositionX":[1.2749425371240093,-1.5772506995574642,-1.5772506995574642,-1.5772506995574642,5.557296309094092,3.9849860618126027,2.1286724513010262,4.515413914783041,4.515413914783041,4.515413914783041,4.515413914783041,4.515413914783041,3.664934062050774,2.271081918025807,8.418949436372431,8.418949436372431,9.955523183191346,9.955523183191346,9.955523183191346,9.955523183191346,2.8121617967008437,2.8121617967008437,5.2649047787788525,1.9256397979428785,1.9256397979428785,1.9256397979428785,52.27195707535051],"objectPositionY":[1.1201716128951469,82.14582779497685,82.14582779497685,82.14582779497685,33.93738015822371,21.488077554990088,6.790081466930061,10.597545171969527,10.597545171969527,10.597545171969527,10.597545171969527,10.597545171969527,7.861143814983545,7.884910339709809,27.665547077579365,27.665547077579365,21.6388020095355,21.6388020095355,21.6388020095355,21.6388020095355,4.015776891680696,4.015776891680696,-1.5400296824528903,-0.500332481199554,-0.500332481199554,-0.500332481199554,-16.175915421499454],"objectPositionZ":[2.05919162735638,206.322327479952,206.322327479952,206.322327479952,67.49991789800494,42.508762164120554,13.003502237566753,9.791507508248106,9.791507508248106,9.791507508248106,9.791507508248106,9.791507508248106,7.173999666794772,7.602043624457579,26.523234274407486,26.523234274407486,19.301913019365447,19.301913019365447,19.301913019365447,19.301913019365447,3.480432273173462,3.480432273173462,8.535087294014902,1.8327981618160574,1.8327981618160574,1.8327981618160574,102.88365129001816],"timeTable":[0,2.21,4.54,7.8,10,16.01,22,23.46,23.46,27.34,28.13,30.26,32.04,41.09,42.13,44.55,46.97,51.11,52.46,55.19,59.3,63.08,70.28,75.08,82.24,89.02,95.58,103.982993],"volume":[18,18,18,18,18,12,16,16,16,16,16,16,25,25,25,25,14,14,14,14,14,63,63,63,63,63,63]}