{"music":"teamC_ohdongik_2.wav","visualization":["pentagon-gradient","pentagon-gradient"],"backgroundColorList":["#000000","#000000"],"objectColor":["#a6a6a6","#a6a6a6"],"objectPositionX":[-3.120422118876461,-3.120422118876461],"objectPositionY":[3.366919018665005,3.366919018665005],"objectPositionZ":[29.688833290006116,29.688833290006116],"timeTable":[0,27.610635,27.610635],"volume":[50,50]}