{"music":"teamD_hoyoungkim_2.wav","visualization":["sphere-scale","sphere-bloom","sphere-horizontal"],"backgroundColorList":["#ff0000","#ff0000","#ff0000"],"objectColor":["#000000","#000000","#000000"],"objectPositionX":[0,0,0],"objectPositionY":[10,26.50034326640442,26.50034326640442],"objectPositionZ":[30,79.50102979921326,79.50102979921326],"timeTable":[0,6.92,17.98,33.75],"volume":[50,50,50]}