{"music":"teamA_seojeonpark_1.wav","visualization":["dode-scale","sphere-particles","box-horizontal","sphere-line","cone-particles","dode-particles","box-horizontal","circle-line","cone-bloom","cone-scale"],"backgroundColorList":["#000000","#f4fc03","#d6d6d6","#ffff08","#0818ff","#121211","#d2d2d4","#faf069","#020617","#ff00e6"],"objectColor":["#ff00ee","#0524f0","#04ff0c","#051eff","#e2ff05","#fffb00","#0dff05","#3d00f5","#1a05ff","#0a0a0a"],"objectPositionX":[-16.94021008320258,-6.523805100073875,-0.9871231700603242,1.2118057175806092,0.9670814619619443,8.587006089286573,-0.5721845834170309,8.94814177552319,0.9875404722754462,-10.511060077833807],"objectPositionY":[7.160326602423418,-5.412615590184649,35.277943256871175,1.315494657256954,5.877740464122287,-0.28839157972271945,-47.96925455219972,-8.165292133907675,-13.048971042096964,4.164827057386546],"objectPositionZ":[1.9788456587984298,-4.749545519992063,5.581962404630129,-2.6187369676889896,-0.041556589006416234,2.299573087107506,-2.3107055977519586,9.9288997453092,0.16266228321383297,2.6331303247034294],"timeTable":[0,0.97,3.03,4.07,7.99,12.21,14.23,16.09,21.06,22.22,23.424],"volume":[50,54,56,17,25,75,62,32,62,9]}