{"music":"teamC_songminchung_2.wav","visualization":["circle-blink","cone-blink","pentagon-blink","pentagon-blink","dode-scale","box-scale","circle-gradient"],"backgroundColorList":["#000000","#000000","#000000","#000000","#000000","#ff2a00","#ffffff"],"objectColor":["#ff0000","#ff0000","#ff0000","#ff0000","#ff0000","#000000","#fae0e0"],"objectPositionX":[0,14.216220836809851,0,0,-3.833635993338427,-7.982234883218581,-1.02708553469337],"objectPositionY":[10,21.821649271612372,2.91989024338772,2.91989024338772,3.584209778372098,6.074368278114372,6.23737498989964],"objectPositionZ":[30,17.93640678022752,8.75967073016316,8.75967073016316,0.20091234899040322,6.463877910151042,32.68139362905141],"timeTable":[0,4.12,7.95,12.32,16.88,20.91,26.05,27.610635],"volume":[50,50,50,50,50,14,9]}